Workbook

Sheet Raw_Data
A1: Kishan Spending Intelligence Dashboard | K1: Kashish Spending Intelligence Dashboard
A2: Date | B2: Student_Name | C2: Category | D2: Sub_Category | E2: Amount | F2: Payment_Mode | G2: Notes | K2: Date | L2: Student_Name | M2: Category | N2: Sub_Category | O2: Amount | P2: Payment_Mode | Q2: Notes
A3: 46083 | B3: Kishan | C3: Food | D3: Zomato | E3: 220 | F3: UPI | G3: Dinner | K3: 46083 | L3: Kashish | M3: Food | N3: Zomato | O3: 180 | P3: UPI | Q3: Dinner
A4: 46088 | B4: Kishan | C4: Food | D4: Mess | E4: 110 | F4: Cash | G4: Lunch | K4: 46089 | L4: Kashish | M4: Transport | N4: Auto | O4: 140 | P4: Cash | Q4: College
A5: 46092 | B5: Kishan | C5: Education | D5: Books | E5: 750 | F5: Card | G5: Study | K5: 46093 | L5: Kashish | M5: Entertainment | N5: Movies | O5: 300 | P5: UPI | Q5: Movie
A6: 46099 | B6: Kishan | C6: Shopping | D6: Clothes | E6: 950 | F6: Card | G6: Shirt | K6: 46098 | L6: Kashish | M6: Shopping | N6: Clothes | O6: 800 | P6: Card | Q6: Shirt
A7: 46105 | B7: Kishan | C7: Transport | D7: Bus | E7: 90 | F7: Cash | G7: Travel | K7: 46103 | L7: Kashish | M7: Food | N7: Mess | O7: 100 | P7: Cash | Q7: Lunch
A8: 46108 | B8: Kishan | C8: Bills | D8: Electricity | E8: 600 | F8: UPI | G8: Hostel | K8: 46110 | L8: Kashish | M8: Bills | N8: Electricity | O8: 500 | P8: UPI | Q8: Hostel
D9: Total | E9: =SUM(E3:E8) -> 2720 | N9: Total | O9: =SUM(O3:O8) -> 2020
A11: Date | B11: Student_Name | C11: Category | D11: Sub_Category | E11: Amount | F11: Payment_Mode | G11: Notes | K11: Date | L11: Student_Name | M11: Category | N11: Sub_Category | O11: Amount | P11: Payment_Mode | Q11: Notes
A12: 46113 | B12: Kishan | C12: Food | D12: Zomato | E12: 300 | F12: UPI | G12: Dinner | K12: 46113 | L12: Kashish | M12: Food | N12: Zomato | O12: 250 | P12: UPI | Q12: Dinner
A13: 46118 | B13: Kishan | C13: Transport | D13: Auto | E13: 150 | F13: Cash | G13: College | K13: 46119 | L13: Kashish | M13: Transport | N13: Bus | O13: 90 | P13: Cash | Q13: Travel
A14: 46125 | B14: Kishan | C14: Entertainment | D14: Movies | E14: 350 | F14: UPI | G14: Movie | K14: 46123 | L14: Kashish | M14: Education | N14: Books | O14: 700 | P14: Card | Q14: Study
A15: 46128 | B15: Kishan | C15: Shopping | D15: Clothes | E15: 1200 | F15: Card | G15: Jeans | K15: 46127 | L15: Kashish | M15: Entertainment | N15: Movies | O15: 320 | P15: UPI | Q15: Movie
A16: 46135 | B16: Kishan | C16: Transport | D16: Bus | E16: 110 | F16: Cash | G16: Travel | K16: 46132 | L16: Kashish | M16: Shopping | N16: Clothes | O16: 1000 | P16: Card | Q16: Jeans
A17: 46140 | B17: Kishan | C17: Bills | D17: Electricity | E17: 700 | F17: UPI | G17: Hostel | K17: 46139 | L17: Kashish | M17: Bills | N17: Electricity | O17: 600 | P17: UPI | Q17: Hostel
D18: Total | E18: =SUM(E12:E17) -> 2810 | N18: Total | O18: =SUM(O12:O17) -> 2960

Sheet Categories
A1: Category | B1: Sub_Category
A2: Online Food | B2: Zomato
A3: Food | B3: Mess
A4: Transport | B4: Auto
A5: Transport | B5: Bus
A6: Education | B6: Books
A7: Entertainment | B7: Movies
A8: Shopping | B8: Clothes
A9: Bills | B9: Electricity

Sheet Summary
A1: Kishan's Monthly Expenses | D1: Kashish's Monthly Expenses | E1: Kashish's Monthly expenses
A2: Month | B2: Total Spending | D2: Month | E2: Total Spending
A3: March | B3: =SUMIFS(Raw_Data!E:E, Raw_Data!A:A, ">=01-03-2026", Raw_Data!A:A, "<=31-03-2026") -> 2720 | D3: March | E3: =SUMIFS(Raw_Data!O:O, Raw_Data!K:K, ">=01-03-2026", Raw_Data!K:K, "<=31-03-2026") -> 2020
A4: April | B4: =SUMIFS(Raw_Data!E:E, Raw_Data!A:A, ">=01-04-2026", Raw_Data!A:A, "<=30-04-2026") -> 2810 | D4: April | E4: =SUMIFS(Raw_Data!O:O, Raw_Data!K:K, ">=01-04-2026", Raw_Data!K:K, "<=30-04-2026") -> 2960
A5: Total | B5: =SUM(B3+B4) -> 5530 | D5: Total | E5: =SUM(E3+E4) -> 4980
A6: Growth | B6: =(B4- B3) /B3 -> 0.033088235 | D6: Growth | E6: =(E4-E3)/E3 -> 0.46534653
A7: Insights | B7: =IF(B6>0.3,"High Increase",IF(B6>0.01,"Slight Increase",IF(B6<0,"Reduced Spending","No Change"))) -> Slight Increase | D7: Insights | E7: =IF(E6>0.3,"High Increase",IF(E6>0.01,"Slight Increase",IF(E6<0,"Reduced Spending","No Change"))) -> High Increase

Sheet Dashboard
C1: A | D1: B
C3: Total Spending | D3: =5530+4980 -> 10510 | I3: Student | J3: April Spending
C4: Top Spender | D4: =IF(2960>2810,"Kashish","Kishan") -> Kashish | I4: Kishan | J4: 2810
C5: Highest Growth | D5: =IF(G6>B6,"Kishan","Kashish") -> Kashish | I5: Kashish | J5: 2960
H14: Month | I14: Kishan | J14: Kashish
H15: March | I15: 2720 | J15: 2020
H16: April | I16: 2810 | J16: 2960
C26: Category | D26: Kishan | E26: Kashish | F26: Total
C27: Food | D27: =SUMIF(Raw_Data!C:C,"Food",Raw_Data!E:E) -> 630 | E27: =SUMIF(Raw_Data!M:M,"Food",Raw_Data!O:O) -> 530 | F27: =SUM(D27+E27) -> 1160
C28: Transport | D28: =SUMIF(Raw_Data!C:C,"Transport",Raw_Data!E:E) -> 350 | E28: =SUMIF(Raw_Data!M:M,"Transport",Raw_Data!O:O) -> 230 | F28: =SUM(D28+E28) -> 580
C29: Shopping | D29: =SUMIF(Raw_Data!C:C,"Shopping",Raw_Data!E:E) -> 2150 | E29: =SUMIF(Raw_Data!M:M,"Shopping",Raw_Data!O:O) -> 1800 | F29: =SUM(D29+E29) -> 3950
C30: Bills | D30: =SUMIF(Raw_Data!C:C,"Bills",Raw_Data!E:E) -> 1300 | E30: =SUMIF(Raw_Data!M:M,"Bills",Raw_Data!O:O) -> 1100 | F30: =SUM(D30+E30) -> 2400
C31: Education | D31: =SUMIF(Raw_Data!C:C,"education",Raw_Data!E:E) -> 750 | E31: =SUMIF(Raw_Data!M:M,"Education",Raw_Data!O:O) -> 700 | F31: =SUM(D31+E31) -> 1450
F42: INSIGHTS
F43: • Kashish shows high spending increase (47%)
F44: • Kishan shows stable spending (3%)
F45: • Shopping & Bills are major expenses
F46: • Suggest reducing unnecessary spending

Sheet Insights
A1: Advice for Kishan | B1: Advice for Kashish
A2: Monitor spendiing | B2: Reduce unnecessary expenses
